datetime,cinemaId,movieId,id,type,seats
19-11-2022 05:26AM,0,663712,43a86a7e-58c5-4ad4-a622-66026e67469b,ThreeDimensional,"[[true,true,true,true,true,true,true,true],[true,true,true,true,true,true,true,true],[true,true,true,true,true,true,true,true],[true,true,true,true,true,true,true,true],[true,true,true,true,true,true,true,true]]"
13-11-2022 11:26PM,0,436270,97c0ef81-ded7-460f-a75b-81da31210aa5,Digital,"[[true,true,true,true,true,true,true,true],[true,true,true,true,true,true,true,true],[true,true,true,true,true,true,true,true],[true,true,true,true,true,true,true,true],[true,true,true,true,true,true,true,true]]"
15-11-2022 12:26AM,0,436270,41aaac61-5337-4681-932f-f49a479cd0e7,Digital,"[[true,true,true,true,true,true,true,true],[true,true,true,true,true,true,true,true],[true,true,true,true,true,true,true,true],[true,true,true,true,true,true,true,true],[true,true,true,true,true,true,true,true]]"
19-11-2022 05:26AM,0,49046,7fd8032d-0b77-42f0-bc22-43405a376f96,ThreeDimensional,"[[true,true,true,true,true,true,true,true],[true,true,true,true,true,true,true,true],[true,true,true,true,true,true,true,true],[true,true,true,true,true,true,true,true],[true,true,true,true,true,true,true,true]]"
15-11-2022 12:26AM,0,985939,3d207208-bb47-4cd3-b13b-4fb9035e66ff,ThreeDimensional,"[[true,true,true,true,true,true,true,true],[true,true,true,true,true,true,true,true],[true,true,true,true,true,true,true,true],[true,true,true,true,true,true,true,true],[true,true,true,true,true,true,true,true]]"
20-11-2022 06:26AM,0,830788,978ec87c-b2f2-4dc4-b95f-a937d9c96115,Digital,"[[true,true,true,true,true,true,true,true],[true,true,true,true,true,true,true,true],[true,true,true,true,true,true,true,true],[true,true,true,true,true,true,true,true],[true,true,true,true,true,true,true,true]]"
15-11-2022 12:26AM,0,717728,3ed32bdd-fa6e-4573-8aa7-7695dbe10ec8,Digital,"[[true,true,true,true,true,true,true,true],[true,true,true,true,true,true,true,true],[true,true,true,true,true,true,true,true],[true,true,true,true,true,true,true,true],[true,true,true,true,true,true,true,true]]"
16-11-2022 01:26AM,0,717728,8588bb0b-e53e-4b40-b8c1-4d43d0072f2a,Digital,"[[true,true,true,true,true,true,true,true],[true,true,true,true,true,true,true,true],[true,true,true,true,true,true,true,true],[true,true,true,true,true,true,true,true],[true,true,true,true,true,true,true,true]]"
15-11-2022 12:26AM,0,829280,eda1de07-f664-4e1d-80c5-609b5dd54f62,ThreeDimensional,"[[true,true,true,true,true,true,true,true],[true,true,true,true,true,true,true,true],[true,true,true,true,true,true,true,true],[true,true,true,true,true,true,true,true],[true,true,true,true,true,true,true,true]]"
18-11-2022 04:26AM,0,361743,5e67519c-556d-4278-ab2c-7282015270ae,Digital,"[[true,true,true,true,true,true,true,true],[true,true,true,true,true,true,true,true],[true,true,true,true,true,true,true,true],[true,true,true,true,true,true,true,true],[true,true,true,true,true,true,true,true]]"
18-11-2022 04:26AM,0,760161,5a7c537d-a2bc-4a63-ae8e-90c86172a537,Digital,"[[true,true,true,true,true,true,true,true],[true,true,true,true,true,true,true,true],[true,true,true,true,true,true,true,true],[true,true,true,true,true,true,true,true],[true,true,true,true,true,true,true,true]]"
12-11-2022 10:26PM,0,848791,591c8676-e94f-4259-96f7-9b69db5b54d0,Digital,"[[true,true,true,true,true,true,true,true],[true,true,true,true,true,true,true,true],[true,true,true,true,true,true,true,true],[true,true,true,true,true,true,true,true],[true,true,true,true,true,true,true,true]]"
18-11-2022 04:26AM,0,848791,63d757b0-f12e-4e82-aacb-05390410ff60,ThreeDimensional,"[[true,true,true,true,true,true,true,true],[true,true,true,true,true,true,true,true],[true,true,true,true,true,true,true,true],[true,true,true,true,true,true,true,true],[true,true,true,true,true,true,true,true]]"
17-11-2022 02:26AM,0,900667,48bf8a88-c415-4a46-914c-5908b9ac14d7,Digital,"[[true,true,true,true,true,true,true,true],[true,true,true,true,true,true,true,true],[true,true,true,true,true,true,true,true],[true,true,true,true,true,true,true,true],[true,true,true,true,true,true,true,true]]"
19-11-2022 05:26AM,0,900667,3f390002-c09b-4708-b474-2a60ec790f70,Digital,"[[true,true,true,true,true,true,true,true],[true,true,true,true,true,true,true,true],[true,true,true,true,true,true,true,true],[true,true,true,true,true,true,true,true],[true,true,true,true,true,true,true,true]]"
20-11-2022 06:26AM,0,900667,5474faff-b6d8-4de0-b3ac-0a1a5b5c6546,ThreeDimensional,"[[true,true,true,true,true,true,true,true],[true,true,true,true,true,true,true,true],[true,true,true,true,true,true,true,true],[true,true,true,true,true,true,true,true],[true,true,true,true,true,true,true,true]]"
16-11-2022 01:26AM,0,848058,b6d36202-88de-4e78-a4c0-09207fe5bda8,ThreeDimensional,"[[true,true,true,true,true,true,true,true],[true,true,true,true,true,true,true,true],[true,true,true,true,true,true,true,true],[true,true,true,true,true,true,true,true],[true,true,true,true,true,true,true,true]]"
18-11-2022 04:26AM,0,848058,c45321e2-49f5-4660-9548-e56701ab957e,ThreeDimensional,"[[true,true,true,true,true,true,true,true],[true,true,true,true,true,true,true,true],[true,true,true,true,true,true,true,true],[true,true,true,true,true,true,true,true],[true,true,true,true,true,true,true,true]]"
13-11-2022 11:26PM,0,610150,97e5a991-3b0c-4e78-ae70-2c4b0964a250,ThreeDimensional,"[[true,true,true,true,true,true,true,true],[true,true,true,true,true,true,true,true],[true,true,true,true,true,true,true,true],[true,true,true,true,true,true,true,true],[true,true,true,true,true,true,true,true]]"
11-11-2022 09:26PM,0,634649,7ac814dc-6253-4bc2-a877-790fa89be9e4,Digital,"[[true,true,true,true,true,true,true,true],[true,true,true,true,true,true,true,true],[true,true,true,true,true,true,true,true],[true,true,true,true,true,true,true,true],[true,true,true,true,true,true,true,true]]"
17-11-2022 02:26AM,0,634649,b56c0ebe-265a-4059-971b-17a8b0ca505e,ThreeDimensional,"[[true,true,true,true,true,true,true,true],[true,true,true,true,true,true,true,true],[true,true,true,true,true,true,true,true],[true,true,true,true,true,true,true,true],[true,true,true,true,true,true,true,true]]"
17-11-2022 02:26AM,1,830788,eadfc696-cc2d-4a52-afd9-3f93c452f5db,Digital,"[[true,true,true,true,true,true,true,true],[true,true,true,true,true,true,true,true],[true,true,true,true,true,true,true,true],[true,true,true,true,true,true,true,true],[true,true,true,true,true,true,true,true]]"
17-11-2022 02:26AM,1,717728,635d5bfe-def4-4c41-8a40-21e3c21c7ce4,Digital,"[[true,true,true,true,true,true,true,true],[true,true,true,true,true,true,true,true],[true,true,true,true,true,true,true,true],[true,true,true,true,true,true,true,true],[true,true,true,true,true,true,true,true]]"
18-11-2022 04:26AM,1,717728,08aa5f57-2b19-4fa4-8767-b87f243f749a,ThreeDimensional,"[[true,true,true,true,true,true,true,true],[true,true,true,true,true,true,true,true],[true,true,true,true,true,true,true,true],[true,true,true,true,true,true,true,true],[true,true,true,true,true,true,true,true]]"
18-11-2022 04:26AM,1,829280,35ebb3dd-0372-45f6-9a53-bafbf2e979b0,Digital,"[[true,true,true,true,true,true,true,true],[true,true,true,true,true,true,true,true],[true,true,true,true,true,true,true,true],[true,true,true,true,true,true,true,true],[true,true,true,true,true,true,true,true]]"
15-11-2022 12:26AM,1,361743,8a3bab50-c1aa-4eea-a406-d5765ca9955f,Digital,"[[true,true,true,true,true,true,true,true],[true,true,true,true,true,true,true,true],[true,true,true,true,true,true,true,true],[true,true,true,true,true,true,true,true],[true,true,true,true,true,true,true,true]]"
19-11-2022 05:26AM,1,361743,50637e16-a333-4ea0-82cf-54b54f247a60,Digital,"[[true,true,true,true,true,true,true,true],[true,true,true,true,true,true,true,true],[true,true,true,true,true,true,true,true],[true,true,true,true,true,true,true,true],[true,true,true,true,true,true,true,true]]"
16-11-2022 01:26AM,1,848791,cf4c2195-6348-45ef-8b88-6b7278e9cb37,Digital,"[[true,true,true,true,true,true,true,true],[true,true,true,true,true,true,true,true],[true,true,true,true,true,true,true,true],[true,true,true,true,true,true,true,true],[true,true,true,true,true,true,true,true]]"
20-11-2022 06:26AM,1,848791,5d4c82ac-7489-40c3-8e77-f80aaf298cfb,ThreeDimensional,"[[true,true,true,true,true,true,true,true],[true,true,true,true,true,true,true,true],[true,true,true,true,true,true,true,true],[true,true,true,true,true,true,true,true],[true,true,true,true,true,true,true,true]]"
12-11-2022 10:26PM,1,848058,eaae3cfc-ba4f-41dd-8b97-bce8e00e8160,ThreeDimensional,"[[true,true,true,true,true,true,true,true],[true,true,true,true,true,true,true,true],[true,true,true,true,true,true,true,true],[true,true,true,true,true,true,true,true],[true,true,true,true,true,true,true,true]]"
11-11-2022 09:26PM,1,610150,637fa351-cc90-4787-8812-0540c1b2a675,Digital,"[[true,true,true,true,true,true,true,true],[true,true,true,true,true,true,true,true],[true,true,true,true,true,true,true,true],[true,true,true,true,true,true,true,true],[true,true,true,true,true,true,true,true]]"
12-11-2022 10:26PM,1,634649,b03c52c8-2b8d-4d00-9ea4-9cb1dd13c7de,Digital,"[[true,true,true,true,true,true,true,true],[true,true,true,true,true,true,true,true],[true,true,true,true,true,true,true,true],[true,true,true,true,true,true,true,true],[true,true,true,true,true,true,true,true]]"
13-11-2022 11:26PM,1,634649,a7dd032e-79ed-4308-a13a-08da4850a569,Digital,"[[true,true,true,true,true,true,true,true],[true,true,true,true,true,true,true,true],[true,true,true,true,true,true,true,true],[true,true,true,true,true,true,true,true],[true,true,true,true,true,true,true,true]]"
13-11-2022 11:26PM,2,663712,0af88576-ec3c-4864-8b9d-e4b01df721c2,ThreeDimensional,"[[true,true,true,true,true,true,true,true],[true,true,true,true,true,true,true,true],[true,true,true,true,true,true,true,true],[true,true,true,true,true,true,true,true],[true,true,true,true,true,true,true,true]]"
17-11-2022 02:26AM,2,663712,9bb9dab2-d88a-4e57-8f89-a33642c19810,ThreeDimensional,"[[true,true,true,true,true,true,true,true],[true,true,true,true,true,true,true,true],[true,true,true,true,true,true,true,true],[true,true,true,true,true,true,true,true],[true,true,true,true,true,true,true,true]]"
18-11-2022 04:26AM,2,436270,ec99cfdc-f807-4e6a-916f-195c3bdd724a,Digital,"[[true,true,true,true,true,true,true,true],[true,true,true,true,true,true,true,true],[true,true,true,true,true,true,true,true],[true,true,true,true,true,true,true,true],[true,true,true,true,true,true,true,true]]"
15-11-2022 12:26AM,2,49046,b8c55e5c-5184-45c6-91aa-84cf2d22c020,ThreeDimensional,"[[true,true,true,true,true,true,true,true],[true,true,true,true,true,true,true,true],[true,true,true,true,true,true,true,true],[true,true,true,true,true,true,true,true],[true,true,true,true,true,true,true,true]]"
18-11-2022 04:26AM,2,49046,db080153-5dc4-47c9-b3da-47e760316d5d,Digital,"[[true,true,true,true,true,true,true,true],[true,true,true,true,true,true,true,true],[true,true,true,true,true,true,true,true],[true,true,true,true,true,true,true,true],[true,true,true,true,true,true,true,true]]"
13-11-2022 11:26PM,2,830788,dd2a3046-5619-4705-87a7-1a65c0f69bd0,ThreeDimensional,"[[true,true,true,true,true,true,true,true],[true,true,true,true,true,true,true,true],[true,true,true,true,true,true,true,true],[true,true,true,true,true,true,true,true],[true,true,true,true,true,true,true,true]]"
19-11-2022 05:26AM,2,717728,06dc25f5-38c1-4dae-a8b2-e86276d91db6,ThreeDimensional,"[[true,true,true,true,true,true,true,true],[true,true,true,true,true,true,true,true],[true,true,true,true,true,true,true,true],[true,true,true,true,true,true,true,true],[true,true,true,true,true,true,true,true]]"
11-11-2022 09:26PM,2,829280,e1e6940b-7af6-4215-a4fe-6b7b9a1c3329,Digital,"[[true,true,true,true,true,true,true,true],[true,true,true,true,true,true,true,true],[true,true,true,true,true,true,true,true],[true,true,true,true,true,true,true,true],[true,true,true,true,true,true,true,true]]"
12-11-2022 10:26PM,2,829280,b686be95-6d97-48b8-b7ff-82d7782d0f01,ThreeDimensional,"[[true,true,true,true,true,true,true,true],[true,true,true,true,true,true,true,true],[true,true,true,true,true,true,true,true],[true,true,true,true,true,true,true,true],[true,true,true,true,true,true,true,true]]"
20-11-2022 06:26AM,2,829280,c369c543-3350-4706-a096-6df23183f51b,ThreeDimensional,"[[true,true,true,true,true,true,true,true],[true,true,true,true,true,true,true,true],[true,true,true,true,true,true,true,true],[true,true,true,true,true,true,true,true],[true,true,true,true,true,true,true,true]]"
12-11-2022 10:26PM,2,760161,d4e8387c-1f39-4895-8570-f9718236f815,Digital,"[[true,true,true,true,true,true,true,true],[true,true,true,true,true,true,true,true],[true,true,true,true,true,true,true,true],[true,true,true,true,true,true,true,true],[true,true,true,true,true,true,true,true]]"
16-11-2022 01:26AM,2,760161,9afdd264-9d8e-4c20-85ef-7e8be6bbed4c,ThreeDimensional,"[[true,true,true,true,true,true,true,true],[true,true,true,true,true,true,true,true],[true,true,true,true,true,true,true,true],[true,true,true,true,true,true,true,true],[true,true,true,true,true,true,true,true]]"
11-11-2022 09:26PM,2,848791,1f9dc667-9677-454f-a270-640b5996ad4c,ThreeDimensional,"[[true,true,true,true,true,true,true,true],[true,true,true,true,true,true,true,true],[true,true,true,true,true,true,true,true],[true,true,true,true,true,true,true,true],[true,true,true,true,true,true,true,true]]"
15-11-2022 12:26AM,2,848791,f2411978-0935-4da0-9890-49da2aa68583,ThreeDimensional,"[[true,true,true,true,true,true,true,true],[true,true,true,true,true,true,true,true],[true,true,true,true,true,true,true,true],[true,true,true,true,true,true,true,true],[true,true,true,true,true,true,true,true]]"
16-11-2022 01:26AM,2,610150,02196260-96d3-4488-ada2-dc6ba836d5b5,ThreeDimensional,"[[true,true,true,true,true,true,true,true],[true,true,true,true,true,true,true,true],[true,true,true,true,true,true,true,true],[true,true,true,true,true,true,true,true],[true,true,true,true,true,true,true,true]]"
17-11-2022 02:26AM,2,610150,bf9ada44-7cf8-41f7-b5e1-0b4d65893e5d,Digital,"[[true,true,true,true,true,true,true,true],[true,true,true,true,true,true,true,true],[true,true,true,true,true,true,true,true],[true,true,true,true,true,true,true,true],[true,true,true,true,true,true,true,true]]"
20-11-2022 06:26AM,2,634649,3032177c-32a8-4b2d-b1d3-1315f1969617,ThreeDimensional,"[[true,true,true,true,true,true,true,true],[true,true,true,true,true,true,true,true],[true,true,true,true,true,true,true,true],[true,true,true,true,true,true,true,true],[true,true,true,true,true,true,true,true]]"
11-11-2022 09:26PM,2,616820,0fe3921c-67c6-4ab8-8c1b-6a99bc08a928,ThreeDimensional,"[[true,true,true,true,true,true,true,true],[true,true,true,true,true,true,true,true],[true,true,true,true,true,true,true,true],[true,true,true,true,true,true,true,true],[true,true,true,true,true,true,true,true]]"
11-11-2022 09:26PM,3,663712,f2f55ce3-c559-4550-b538-934b51739ce2,ThreeDimensional,"[[true,true,true,true,true,true,true,true],[true,true,true,true,true,true,true,true],[true,true,true,true,true,true,true,true],[true,true,true,true,true,true,true,true],[true,true,true,true,true,true,true,true]]"
17-11-2022 02:26AM,3,436270,3f1d75ef-9029-48b4-b769-00851ef4540e,Digital,"[[true,true,true,true,true,true,true,true],[true,true,true,true,true,true,true,true],[true,true,true,true,true,true,true,true],[true,true,true,true,true,true,true,true],[true,true,true,true,true,true,true,true]]"
20-11-2022 06:26AM,3,49046,ec4deb6d-ea54-4b99-a07d-a30e9fd630be,Digital,"[[true,true,true,true,true,true,true,true],[true,true,true,true,true,true,true,true],[true,true,true,true,true,true,true,true],[true,true,true,true,true,true,true,true],[true,true,true,true,true,true,true,true]]"
11-11-2022 09:26PM,3,505642,f7e97ce5-42a2-46f6-a887-c5501f039250,Digital,"[[true,true,true,true,true,true,true,true],[true,true,true,true,true,true,true,true],[true,true,true,true,true,true,true,true],[true,true,true,true,true,true,true,true],[true,true,true,true,true,true,true,true]]"
15-11-2022 12:26AM,3,505642,573eadb1-21c4-4243-a863-0b2d70021ed5,ThreeDimensional,"[[true,true,true,true,true,true,true,true],[true,true,true,true,true,true,true,true],[true,true,true,true,true,true,true,true],[true,true,true,true,true,true,true,true],[true,true,true,true,true,true,true,true]]"
19-11-2022 05:26AM,3,505642,8eda9da9-66ee-4470-99dc-0fb94694f678,ThreeDimensional,"[[true,true,true,true,true,true,true,true],[true,true,true,true,true,true,true,true],[true,true,true,true,true,true,true,true],[true,true,true,true,true,true,true,true],[true,true,true,true,true,true,true,true]]"
11-11-2022 09:26PM,3,985939,bd9c1402-faa2-4ccf-8e54-50be16c99e58,Digital,"[[true,true,true,true,true,true,true,true],[true,true,true,true,true,true,true,true],[true,true,true,true,true,true,true,true],[true,true,true,true,true,true,true,true],[true,true,true,true,true,true,true,true]]"
13-11-2022 11:26PM,3,985939,9d9c12bc-3591-4155-a3e7-06e3a98a9c39,Digital,"[[true,true,true,true,true,true,true,true],[true,true,true,true,true,true,true,true],[true,true,true,true,true,true,true,true],[true,true,true,true,true,true,true,true],[true,true,true,true,true,true,true,true]]"
15-11-2022 12:26AM,3,830788,da14a755-49a3-46da-a18e-1bdf9f22cb2f,Digital,"[[true,true,true,true,true,true,true,true],[true,true,true,true,true,true,true,true],[true,true,true,true,true,true,true,true],[true,true,true,true,true,true,true,true],[true,true,true,true,true,true,true,true]]"
20-11-2022 06:26AM,3,717728,4499774a-1dc2-42aa-b676-2a255d859c7a,Digital,"[[true,true,true,true,true,true,true,true],[true,true,true,true,true,true,true,true],[true,true,true,true,true,true,true,true],[true,true,true,true,true,true,true,true],[true,true,true,true,true,true,true,true]]"
16-11-2022 01:26AM,3,829280,71cca807-3a0f-40d5-81bc-e8ab270f5ae9,Digital,"[[true,true,true,true,true,true,true,true],[true,true,true,true,true,true,true,true],[true,true,true,true,true,true,true,true],[true,true,true,true,true,true,true,true],[true,true,true,true,true,true,true,true]]"
12-11-2022 10:26PM,3,361743,2bf705fa-0822-486c-98b0-10b07b67cc84,ThreeDimensional,"[[true,true,true,true,true,true,true,true],[true,true,true,true,true,true,true,true],[true,true,true,true,true,true,true,true],[true,true,true,true,true,true,true,true],[true,true,true,true,true,true,true,true]]"
13-11-2022 11:26PM,3,848791,76b7abfd-e025-4df0-9f73-2cedf31a5faf,Digital,"[[true,true,true,true,true,true,true,true],[true,true,true,true,true,true,true,true],[true,true,true,true,true,true,true,true],[true,true,true,true,true,true,true,true],[true,true,true,true,true,true,true,true]]"
11-11-2022 09:26PM,4,436270,4400dc8e-10e9-4d8f-8746-3d79924d7f25,Digital,"[[true,true,true,true,true,true,true,true],[true,true,true,true,true,true,true,true],[true,true,true,true,true,true,true,true],[true,true,true,true,true,true,true,true],[true,true,true,true,true,true,true,true]]"
20-11-2022 06:26AM,4,436270,69b1e426-510f-4d3d-906e-8d07c79220e4,ThreeDimensional,"[[true,true,true,true,true,true,true,true],[true,true,true,true,true,true,true,true],[true,true,true,true,true,true,true,true],[true,true,true,true,true,true,true,true],[true,true,true,true,true,true,true,true]]"
16-11-2022 01:26AM,4,49046,70a6032e-f45b-449b-b4af-fef6ae0e25ae,Digital,"[[true,true,true,true,true,true,true,true],[true,true,true,true,true,true,true,true],[true,true,true,true,true,true,true,true],[true,true,true,true,true,true,true,true],[true,true,true,true,true,true,true,true]]"
17-11-2022 02:26AM,4,49046,62495d57-e811-412e-a7f6-eff9edcd3f2d,Digital,"[[true,true,true,true,true,true,true,true],[true,true,true,true,true,true,true,true],[true,true,true,true,true,true,true,true],[true,true,true,true,true,true,true,true],[true,true,true,true,true,true,true,true]]"
18-11-2022 04:26AM,4,505642,d4078ecc-4903-41a3-854d-ed97e07220be,Digital,"[[true,true,true,true,true,true,true,true],[true,true,true,true,true,true,true,true],[true,true,true,true,true,true,true,true],[true,true,true,true,true,true,true,true],[true,true,true,true,true,true,true,true]]"
19-11-2022 05:26AM,4,985939,bc507fdf-7412-439c-9294-b708ae06aacb,Digital,"[[true,true,true,true,true,true,true,true],[true,true,true,true,true,true,true,true],[true,true,true,true,true,true,true,true],[true,true,true,true,true,true,true,true],[true,true,true,true,true,true,true,true]]"
16-11-2022 01:26AM,4,830788,a23ad050-15c8-42b0-80db-091f6b5cedb0,Digital,"[[true,true,true,true,true,true,true,true],[true,true,true,true,true,true,true,true],[true,true,true,true,true,true,true,true],[true,true,true,true,true,true,true,true],[true,true,true,true,true,true,true,true]]"
19-11-2022 05:26AM,4,830788,6fd73257-76b5-4037-91c0-80d0a7eba0da,ThreeDimensional,"[[true,true,true,true,true,true,true,true],[true,true,true,true,true,true,true,true],[true,true,true,true,true,true,true,true],[true,true,true,true,true,true,true,true],[true,true,true,true,true,true,true,true]]"
19-11-2022 05:26AM,4,829280,d354f583-7c0f-40e8-ac5c-914188ebffc6,ThreeDimensional,"[[true,true,true,true,true,true,true,true],[true,true,true,true,true,true,true,true],[true,true,true,true,true,true,true,true],[true,true,true,true,true,true,true,true],[true,true,true,true,true,true,true,true]]"
12-11-2022 10:26PM,4,900667,eeff47e3-6c38-43d0-82fc-7150c84d5841,ThreeDimensional,"[[true,true,true,true,true,true,true,true],[true,true,true,true,true,true,true,true],[true,true,true,true,true,true,true,true],[true,true,true,true,true,true,true,true],[true,true,true,true,true,true,true,true]]"
15-11-2022 12:26AM,4,610150,81c2ee6e-9408-49bd-9d97-652c0ff81a4f,ThreeDimensional,"[[true,true,true,true,true,true,true,true],[true,true,true,true,true,true,true,true],[true,true,true,true,true,true,true,true],[true,true,true,true,true,true,true,true],[true,true,true,true,true,true,true,true]]"
19-11-2022 05:26AM,4,610150,7172f5d8-5808-4acb-ac9a-afae4a41510a,ThreeDimensional,"[[true,true,true,true,true,true,true,true],[true,true,true,true,true,true,true,true],[true,true,true,true,true,true,true,true],[true,true,true,true,true,true,true,true],[true,true,true,true,true,true,true,true]]"
16-11-2022 01:26AM,4,634649,ebaafa85-5db1-4055-9d00-dd383896a5de,ThreeDimensional,"[[true,true,true,true,true,true,true,true],[true,true,true,true,true,true,true,true],[true,true,true,true,true,true,true,true],[true,true,true,true,true,true,true,true],[true,true,true,true,true,true,true,true]]"
15-11-2022 12:26AM,5,663712,595bac5e-cfd2-4a5a-8dd8-d1164aa08fe6,Digital,"[[true,true,true,true,true,true,true,true],[true,true,true,true,true,true,true,true],[true,true,true,true,true,true,true,true],[true,true,true,true,true,true,true,true],[true,true,true,true,true,true,true,true]]"
16-11-2022 01:26AM,5,663712,531a47ea-45fc-4adc-aa87-d3328ae25a8d,ThreeDimensional,"[[true,true,true,true,true,true,true,true],[true,true,true,true,true,true,true,true],[true,true,true,true,true,true,true,true],[true,true,true,true,true,true,true,true],[true,true,true,true,true,true,true,true]]"
12-11-2022 10:26PM,5,505642,56b94fa9-5240-4cbd-8f4f-c336c3808b5b,ThreeDimensional,"[[true,true,true,true,true,true,true,true],[true,true,true,true,true,true,true,true],[true,true,true,true,true,true,true,true],[true,true,true,true,true,true,true,true],[true,true,true,true,true,true,true,true]]"
20-11-2022 06:26AM,5,505642,8ae1914d-6989-48b0-b5cb-9799c023aee0,Digital,"[[true,true,true,true,true,true,true,true],[true,true,true,true,true,true,true,true],[true,true,true,true,true,true,true,true],[true,true,true,true,true,true,true,true],[true,true,true,true,true,true,true,true]]"
12-11-2022 10:26PM,5,985939,dd0c93f4-42b0-4be4-a9d3-04246a22e08f,Digital,"[[true,true,true,true,true,true,true,true],[true,true,true,true,true,true,true,true],[true,true,true,true,true,true,true,true],[true,true,true,true,true,true,true,true],[true,true,true,true,true,true,true,true]]"
16-11-2022 01:26AM,5,985939,d9ca5c64-490a-46d3-8b22-4b2e649c952d,ThreeDimensional,"[[true,true,true,true,true,true,true,true],[true,true,true,true,true,true,true,true],[true,true,true,true,true,true,true,true],[true,true,true,true,true,true,true,true],[true,true,true,true,true,true,true,true]]"
11-11-2022 09:26PM,5,830788,e79f25b2-575b-4474-b3cf-a5cfa1f7dc5c,ThreeDimensional,"[[true,true,true,true,true,true,true,true],[true,true,true,true,true,true,true,true],[true,true,true,true,true,true,true,true],[true,true,true,true,true,true,true,true],[true,true,true,true,true,true,true,true]]"
18-11-2022 04:26AM,5,830788,42cf14bf-d3db-4e9b-bc8c-724446e2265c,Digital,"[[true,true,true,true,true,true,true,true],[true,true,true,true,true,true,true,true],[true,true,true,true,true,true,true,true],[true,true,true,true,true,true,true,true],[true,true,true,true,true,true,true,true]]"
11-11-2022 09:26PM,5,361743,e097db3b-3cc3-41c5-8954-e1744ca2f346,Digital,"[[true,true,true,true,true,true,true,true],[true,true,true,true,true,true,true,true],[true,true,true,true,true,true,true,true],[true,true,true,true,true,true,true,true],[true,true,true,true,true,true,true,true]]"
16-11-2022 01:26AM,5,361743,a3c00aae-4bf0-4da3-bbae-357ed76884b8,ThreeDimensional,"[[true,true,true,true,true,true,true,true],[true,true,true,true,true,true,true,true],[true,true,true,true,true,true,true,true],[true,true,true,true,true,true,true,true],[true,true,true,true,true,true,true,true]]"
20-11-2022 06:26AM,5,361743,26411f2e-ebbc-40d1-a40e-99eb1d75cbb8,ThreeDimensional,"[[true,true,true,true,true,true,true,true],[true,true,true,true,true,true,true,true],[true,true,true,true,true,true,true,true],[true,true,true,true,true,true,true,true],[true,true,true,true,true,true,true,true]]"
11-11-2022 09:26PM,5,760161,8021b46b-a081-46b2-ae8c-83c6d7aec99f,ThreeDimensional,"[[true,true,true,true,true,true,true,true],[true,true,true,true,true,true,true,true],[true,true,true,true,true,true,true,true],[true,true,true,true,true,true,true,true],[true,true,true,true,true,true,true,true]]"
20-11-2022 06:26AM,5,760161,b81d17b5-407b-4b47-b105-8becb870d3fe,Digital,"[[true,true,true,true,true,true,true,true],[true,true,true,true,true,true,true,true],[true,true,true,true,true,true,true,true],[true,true,true,true,true,true,true,true],[true,true,true,true,true,true,true,true]]"
11-11-2022 09:26PM,5,900667,a579630a-b94e-4691-8481-c6feaa8c4da2,ThreeDimensional,"[[true,true,true,true,true,true,true,true],[true,true,true,true,true,true,true,true],[true,true,true,true,true,true,true,true],[true,true,true,true,true,true,true,true],[true,true,true,true,true,true,true,true]]"
13-11-2022 11:26PM,5,900667,0752fadc-3864-4e7c-87ec-de48b240fdad,ThreeDimensional,"[[true,true,true,true,true,true,true,true],[true,true,true,true,true,true,true,true],[true,true,true,true,true,true,true,true],[true,true,true,true,true,true,true,true],[true,true,true,true,true,true,true,true]]"
18-11-2022 04:26AM,5,900667,fa9e49ae-578f-414c-9871-937ad657a18b,ThreeDimensional,"[[true,true,true,true,true,true,true,true],[true,true,true,true,true,true,true,true],[true,true,true,true,true,true,true,true],[true,true,true,true,true,true,true,true],[true,true,true,true,true,true,true,true]]"
15-11-2022 12:26AM,5,848058,d16d3750-9ebc-484e-8a6c-44336dbba826,ThreeDimensional,"[[true,true,true,true,true,true,true,true],[true,true,true,true,true,true,true,true],[true,true,true,true,true,true,true,true],[true,true,true,true,true,true,true,true],[true,true,true,true,true,true,true,true]]"
20-11-2022 06:26AM,5,610150,96cdf5f5-c326-4e3d-adb6-fc44e6169ec9,Digital,"[[true,true,true,true,true,true,true,true],[true,true,true,true,true,true,true,true],[true,true,true,true,true,true,true,true],[true,true,true,true,true,true,true,true],[true,true,true,true,true,true,true,true]]"
20-11-2022 06:26AM,6,663712,3c5be8d2-0654-4001-85b2-eb5b1bb5bd83,Digital,"[[true,true,true,true,true,true,true,true],[true,true,true,true,true,true,true,true],[true,true,true,true,true,true,true,true],[true,true,true,true,true,true,true,true],[true,true,true,true,true,true,true,true]]"
19-11-2022 05:26AM,6,436270,2baa64a8-6e40-4473-9ba0-dd33bf1018f9,ThreeDimensional,"[[true,true,true,true,true,true,true,true],[true,true,true,true,true,true,true,true],[true,true,true,true,true,true,true,true],[true,true,true,true,true,true,true,true],[true,true,true,true,true,true,true,true]]"
13-11-2022 11:26PM,6,505642,363b13aa-bfc3-402a-add0-decab87b230e,Digital,"[[true,true,true,true,true,true,true,true],[true,true,true,true,true,true,true,true],[true,true,true,true,true,true,true,true],[true,true,true,true,true,true,true,true],[true,true,true,true,true,true,true,true]]"
17-11-2022 02:26AM,6,505642,60a1e178-f379-4465-a654-6895e6485652,Digital,"[[true,true,true,true,true,true,true,true],[true,true,true,true,true,true,true,true],[true,true,true,true,true,true,true,true],[true,true,true,true,true,true,true,true],[true,true,true,true,true,true,true,true]]"
17-11-2022 02:26AM,6,985939,c5c767d0-3b73-461d-9364-ba4ee1200282,ThreeDimensional,"[[true,true,true,true,true,true,true,true],[true,true,true,true,true,true,true,true],[true,true,true,true,true,true,true,true],[true,true,true,true,true,true,true,true],[true,true,true,true,true,true,true,true]]"
18-11-2022 04:26AM,6,985939,ff027c4f-c19c-4a8f-beaf-362dd0516e86,ThreeDimensional,"[[true,true,true,true,true,true,true,true],[true,true,true,true,true,true,true,true],[true,true,true,true,true,true,true,true],[true,true,true,true,true,true,true,true],[true,true,true,true,true,true,true,true]]"
12-11-2022 10:26PM,6,830788,8ada582e-1e5b-484a-a1c3-b3c3177a368d,ThreeDimensional,"[[true,true,true,true,true,true,true,true],[true,true,true,true,true,true,true,true],[true,true,true,true,true,true,true,true],[true,true,true,true,true,true,true,true],[true,true,true,true,true,true,true,true]]"
11-11-2022 09:26PM,6,717728,63389185-1cbd-461f-aa3e-6cb02fc7e88d,Digital,"[[true,true,true,true,true,true,true,true],[true,true,true,true,true,true,true,true],[true,true,true,true,true,true,true,true],[true,true,true,true,true,true,true,true],[true,true,true,true,true,true,true,true]]"
13-11-2022 11:26PM,6,717728,0943498d-a1f1-460d-9df8-bbc700efab1b,Digital,"[[true,true,true,true,true,true,true,true],[true,true,true,true,true,true,true,true],[true,true,true,true,true,true,true,true],[true,true,true,true,true,true,true,true],[true,true,true,true,true,true,true,true]]"
13-11-2022 11:26PM,6,361743,83e02db2-0169-417a-932f-7f260c60da84,Digital,"[[true,true,true,true,true,true,true,true],[true,true,true,true,true,true,true,true],[true,true,true,true,true,true,true,true],[true,true,true,true,true,true,true,true],[true,true,true,true,true,true,true,true]]"
17-11-2022 02:26AM,6,361743,c4455837-9ab7-4641-a423-62ce2f8ef149,ThreeDimensional,"[[true,true,true,true,true,true,true,true],[true,true,true,true,true,true,true,true],[true,true,true,true,true,true,true,true],[true,true,true,true,true,true,true,true],[true,true,true,true,true,true,true,true]]"
17-11-2022 02:26AM,6,760161,10e9d7cb-72da-4726-8875-63f1992b6c45,Digital,"[[true,true,true,true,true,true,true,true],[true,true,true,true,true,true,true,true],[true,true,true,true,true,true,true,true],[true,true,true,true,true,true,true,true],[true,true,true,true,true,true,true,true]]"
19-11-2022 05:26AM,6,760161,14daef7d-219e-4fa4-be60-85fb1bf76a94,Digital,"[[true,true,true,true,true,true,true,true],[true,true,true,true,true,true,true,true],[true,true,true,true,true,true,true,true],[true,true,true,true,true,true,true,true],[true,true,true,true,true,true,true,true]]"
17-11-2022 02:26AM,6,848791,8296132c-2cdf-4815-81b4-3879aaf4cba9,ThreeDimensional,"[[true,true,true,true,true,true,true,true],[true,true,true,true,true,true,true,true],[true,true,true,true,true,true,true,true],[true,true,true,true,true,true,true,true],[true,true,true,true,true,true,true,true]]"
19-11-2022 05:26AM,6,848791,ebbb0acf-19d7-4677-9704-a54aaefeb182,ThreeDimensional,"[[true,true,true,true,true,true,true,true],[true,true,true,true,true,true,true,true],[true,true,true,true,true,true,true,true],[true,true,true,true,true,true,true,true],[true,true,true,true,true,true,true,true]]"
12-11-2022 10:26PM,6,610150,2967b1d8-28ea-4b4e-9526-caf05143644a,Digital,"[[true,true,true,true,true,true,true,true],[true,true,true,true,true,true,true,true],[true,true,true,true,true,true,true,true],[true,true,true,true,true,true,true,true],[true,true,true,true,true,true,true,true]]"
18-11-2022 04:26AM,6,610150,535fb41b-30bd-4cb3-82d2-42244a02aca5,ThreeDimensional,"[[true,true,true,true,true,true,true,true],[true,true,true,true,true,true,true,true],[true,true,true,true,true,true,true,true],[true,true,true,true,true,true,true,true],[true,true,true,true,true,true,true,true]]"
15-11-2022 12:26AM,6,634649,668227fb-e2f9-424c-9b9c-d01e88dd8fe9,Digital,"[[true,true,true,true,true,true,true,true],[true,true,true,true,true,true,true,true],[true,true,true,true,true,true,true,true],[true,true,true,true,true,true,true,true],[true,true,true,true,true,true,true,true]]"
18-11-2022 04:26AM,6,634649,d55e1f9f-e4e2-4268-93cf-1ce3fb2ad050,Digital,"[[true,true,true,true,true,true,true,true],[true,true,true,true,true,true,true,true],[true,true,true,true,true,true,true,true],[true,true,true,true,true,true,true,true],[true,true,true,true,true,true,true,true]]"
19-11-2022 05:26AM,6,634649,46cea567-3492-47f0-8630-a2cdb8113db1,Digital,"[[true,true,true,true,true,true,true,true],[true,true,true,true,true,true,true,true],[true,true,true,true,true,true,true,true],[true,true,true,true,true,true,true,true],[true,true,true,true,true,true,true,true]]"
12-11-2022 10:26PM,7,663712,f194bf99-35e9-4480-95b8-35661cad27c0,Digital,"[[true,true,true,true,true,true,true,true],[true,true,true,true,true,true,true,true],[true,true,true,true,true,true,true,true],[true,true,true,true,true,true,true,true],[true,true,true,true,true,true,true,true]]"
18-11-2022 04:26AM,7,663712,e417f999-b3d3-4d10-999a-17ea7621bac4,ThreeDimensional,"[[true,true,true,true,true,true,true,true],[true,true,true,true,true,true,true,true],[true,true,true,true,true,true,true,true],[true,true,true,true,true,true,true,true],[true,true,true,true,true,true,true,true]]"
12-11-2022 10:26PM,7,436270,b3bea038-d73d-4efa-bea1-5b8a438bd09d,ThreeDimensional,"[[true,true,true,true,true,true,true,true],[true,true,true,true,true,true,true,true],[true,true,true,true,true,true,true,true],[true,true,true,true,true,true,true,true],[true,true,true,true,true,true,true,true]]"
16-11-2022 01:26AM,7,436270,991c1513-7860-48c2-a3e3-6eaada508cb1,ThreeDimensional,"[[true,true,true,true,true,true,true,true],[true,true,true,true,true,true,true,true],[true,true,true,true,true,true,true,true],[true,true,true,true,true,true,true,true],[true,true,true,true,true,true,true,true]]"
11-11-2022 09:26PM,7,49046,6e346d52-b73f-43d7-a132-166bc1d3a191,Digital,"[[true,true,true,true,true,true,true,true],[true,true,true,true,true,true,true,true],[true,true,true,true,true,true,true,true],[true,true,true,true,true,true,true,true],[true,true,true,true,true,true,true,true]]"
12-11-2022 10:26PM,7,49046,9e3f86be-61c2-4e10-a486-d4f0bb0164bb,ThreeDimensional,"[[true,true,true,true,true,true,true,true],[true,true,true,true,true,true,true,true],[true,true,true,true,true,true,true,true],[true,true,true,true,true,true,true,true],[true,true,true,true,true,true,true,true]]"
13-11-2022 11:26PM,7,49046,c20f1ce5-9000-47ab-bb2e-85198f1daaf6,ThreeDimensional,"[[true,true,true,true,true,true,true,true],[true,true,true,true,true,true,true,true],[true,true,true,true,true,true,true,true],[true,true,true,true,true,true,true,true],[true,true,true,true,true,true,true,true]]"
16-11-2022 01:26AM,7,505642,8ba2bcf4-ee56-49dc-b7ec-aa4e537141d4,ThreeDimensional,"[[true,true,true,true,true,true,true,true],[true,true,true,true,true,true,true,true],[true,true,true,true,true,true,true,true],[true,true,true,true,true,true,true,true],[true,true,true,true,true,true,true,true]]"
20-11-2022 06:26AM,7,985939,51e315bd-70dc-45bd-b5c9-e53cad59e460,ThreeDimensional,"[[true,true,true,true,true,true,true,true],[true,true,true,true,true,true,true,true],[true,true,true,true,true,true,true,true],[true,true,true,true,true,true,true,true],[true,true,true,true,true,true,true,true]]"
12-11-2022 10:26PM,7,717728,bbb3abf4-aa12-498e-894a-05f384d17285,Digital,"[[true,true,true,true,true,true,true,true],[true,true,true,true,true,true,true,true],[true,true,true,true,true,true,true,true],[true,true,true,true,true,true,true,true],[true,true,true,true,true,true,true,true]]"
13-11-2022 11:26PM,7,829280,b08cfefe-8441-4e8e-a9af-385addeda433,Digital,"[[true,true,true,true,true,true,true,true],[true,true,true,true,true,true,true,true],[true,true,true,true,true,true,true,true],[true,true,true,true,true,true,true,true],[true,true,true,true,true,true,true,true]]"
17-11-2022 02:26AM,7,829280,cd5f3181-d632-4ea8-8320-769d411f0002,Digital,"[[true,true,true,true,true,true,true,true],[true,true,true,true,true,true,true,true],[true,true,true,true,true,true,true,true],[true,true,true,true,true,true,true,true],[true,true,true,true,true,true,true,true]]"
13-11-2022 11:26PM,7,760161,40512312-14cd-4970-b91e-3c96badadb4d,ThreeDimensional,"[[true,true,true,true,true,true,true,true],[true,true,true,true,true,true,true,true],[true,true,true,true,true,true,true,true],[true,true,true,true,true,true,true,true],[true,true,true,true,true,true,true,true]]"
15-11-2022 12:26AM,7,760161,8fb47e5c-55a4-4cb7-8273-27e50f55a576,ThreeDimensional,"[[true,true,true,true,true,true,true,true],[true,true,true,true,true,true,true,true],[true,true,true,true,true,true,true,true],[true,true,true,true,true,true,true,true],[true,true,true,true,true,true,true,true]]"
15-11-2022 12:26AM,7,900667,a7143092-7cbe-455d-9e3c-c1b65c3bb923,Digital,"[[true,true,true,true,true,true,true,true],[true,true,true,true,true,true,true,true],[true,true,true,true,true,true,true,true],[true,true,true,true,true,true,true,true],[true,true,true,true,true,true,true,true]]"
16-11-2022 01:26AM,7,900667,ec882192-409f-42b1-bdf6-f139c0f3521b,ThreeDimensional,"[[true,true,true,true,true,true,true,true],[true,true,true,true,true,true,true,true],[true,true,true,true,true,true,true,true],[true,true,true,true,true,true,true,true],[true,true,true,true,true,true,true,true]]"
11-11-2022 09:26PM,7,848058,72426c11-7f21-47f5-81c2-ffd0ad3f655c,ThreeDimensional,"[[true,true,true,true,true,true,true,true],[true,true,true,true,true,true,true,true],[true,true,true,true,true,true,true,true],[true,true,true,true,true,true,true,true],[true,true,true,true,true,true,true,true]]"
13-11-2022 11:26PM,7,848058,36155c11-68ac-4b1b-a222-dab2e58f8217,ThreeDimensional,"[[true,true,true,true,true,true,true,true],[true,true,true,true,true,true,true,true],[true,true,true,true,true,true,true,true],[true,true,true,true,true,true,true,true],[true,true,true,true,true,true,true,true]]"
17-11-2022 02:26AM,7,848058,a4c34b46-146d-4edc-abf9-4e262b77523d,Digital,"[[true,true,true,true,true,true,true,true],[true,true,true,true,true,true,true,true],[true,true,true,true,true,true,true,true],[true,true,true,true,true,true,true,true],[true,true,true,true,true,true,true,true]]"
19-11-2022 05:26AM,7,848058,914743ae-90d6-4483-ac63-d8662fa5637b,ThreeDimensional,"[[true,true,true,true,true,true,true,true],[true,true,true,true,true,true,true,true],[true,true,true,true,true,true,true,true],[true,true,true,true,true,true,true,true],[true,true,true,true,true,true,true,true]]"
20-11-2022 06:26AM,7,848058,68f6c0b9-db6d-408a-bf18-228c3ecdf0c6,Digital,"[[true,true,true,true,true,true,true,true],[true,true,true,true,true,true,true,true],[true,true,true,true,true,true,true,true],[true,true,true,true,true,true,true,true],[true,true,true,true,true,true,true,true]]"
